"","stnr","z","x","y","NO"
"1",201300,542,604493,7514502,FALSE
"2",201900,514,629983,7593068,FALSE
"3",202000,516,630114,7593164,FALSE
"4",202400,425,640650,7490456,FALSE
"5",202900,1145,651299,7537401,FALSE
"6",203100,494,701481,7559092,FALSE
"7",203600,467,669240,7532118,FALSE
"8",203800,453,727335,7469623,FALSE
"9",204400,460,724707,7532814,FALSE
"10",204900,359,744447,7458341,FALSE
"11",205400,360,781381,7563165,FALSE
"12",205500,402,764449,7632488,FALSE
"13",206400,240,810439,7487153,FALSE
"14",207200,312,830248,7533868,FALSE
"15",208000,330,804983,7609648,FALSE
"16",208100,330,804599,7610568,FALSE
"17",209500,164,861849,7478558,FALSE
"18",209600,165,862085,7480066,FALSE
"19",210100,458,503773,7298300,FALSE
"20",210200,1036,476905,7219065,FALSE
"21",210300,793,502939,7295390,FALSE
"22",211000,577,503209,7245023,FALSE
"23",211900,315,632234,7422011,FALSE
"24",212000,320,632123,7421571,FALSE
"25",212100,614,548971,7396333,FALSE
"26",212400,431,628585,7328552,FALSE
"27",212600,275,627210,7212219,FALSE
"28",212800,280,625723,7211107,FALSE
"29",213000,481,563091,7374809,FALSE
"30",213500,393,632010,7273801,FALSE
"31",214100,581,688267,7359672,FALSE
"32",214600,324,707816,7383982,FALSE
"33",214700,363,668599,7230222,FALSE
"34",214900,382,696669,7281477,FALSE
"35",215100,275,729840,7383293,FALSE
"36",215400,182,734926,7314827,FALSE
"37",216100,327,760777,7416267,FALSE
"38",217100,25,802920,7314565,FALSE
"39",217300,43,778525,7296613,FALSE
"40",217400,185,774932,7364642,FALSE
"41",218100,61,851743,7371332,FALSE
"42",218400,228,821759,7429236,FALSE
"43",219900,132,873988,7414850,FALSE
"44",220700,583,355665,7020338,FALSE
"45",220900,1030,362345,6993485,FALSE
"46",221600,355,443690,7020132,FALSE
"47",221700,435,408022,7028536,FALSE
"48",221900,553,462577,7153452,FALSE
"49",222100,717,426404,7080014,FALSE
"50",222600,375,474859,7007481,FALSE
"51",223000,310,526997,7121458,FALSE
"52",223100,362,480601,7061104,FALSE
"53",223300,545,517894,7204920,FALSE
"54",223600,375,516318,7071360,FALSE
"55",224200,241,560398,7107474,FALSE
"56",224300,219,596443,7063262,FALSE
"57",224400,215,596445,7063195,FALSE
"58",224500,348,588216,7163051,FALSE
"59",224700,183,559114,7003087,FALSE
"60",225400,307,612730,7117577,FALSE
"61",225600,575,614434,7181025,FALSE
"62",226000,142,664140,7003711,FALSE
"63",226100,210,678145,7163458,FALSE
"64",226300,327,664101,7109775,FALSE
"65",226500,182,675745,7063051,FALSE
"66",226700,108,698632,7037633,FALSE
"67",226900,11,702235,7012939,FALSE
"68",227100,309,706909,7207418,FALSE
"69",228200,258,724982,7168525,FALSE
"70",230200,665,357196,6859338,FALSE
"71",230300,995,383778,6957468,FALSE
"72",230700,869,387227,6863722,FALSE
"73",230800,723,379795,6926513,FALSE
"74",231100,744,398495,6781861,FALSE
"75",231700,566,427503,6885473,FALSE
"76",231900,467,441041,6958910,FALSE
"77",232100,252,448414,6791504,FALSE
"78",232400,360,457248,6876310,FALSE
"79",232500,802,456572,6929732,FALSE
"80",232700,357,468977,6879458,FALSE
"81",232900,454,499725,6836372,FALSE
"82",233100,343,504480,6957894,FALSE
"83",233700,320,534831,6903671,FALSE
"84",233800,184,538380,6803254,FALSE
"85",234300,99,565812,6929909,FALSE
"86",234700,71,581207,6855894,FALSE
"87",234900,205,588796,6960360,FALSE
"88",235400,80,621043,6924347,FALSE
"89",235500,9,633518,6843719,FALSE
"90",236500,4,625345,6935779,FALSE
"91",236600,5,626057,6934814,FALSE
"92",236800,18,642578,6901798,FALSE
"93",237800,26,611777,6792416,FALSE
"94",238200,18,658528,6949627,FALSE
"95",240300,53,390532,6508123,FALSE
"96",240700,303,429365,6727439,FALSE
"97",240800,170,333234,6568416,FALSE
"98",241000,308,428044,6726385,FALSE
"99",241100,66,366980,6617551,FALSE
"100",241300,205,378598,6737770,FALSE
"101",241700,50,392952,6513693,FALSE
"102",241800,107,405721,6590749,FALSE
"103",242300,109,394685,6637805,FALSE
"104",242600,187,433486,6669154,FALSE
"105",242900,133,453955,6614042,FALSE
"106",243100,282,514122,6636994,FALSE
"107",243200,54,502591,6565541,FALSE
"108",243500,145,527571,6699317,FALSE
"109",244000,162,577479,6759423,FALSE
"110",244100,196,473308,6758521,FALSE
"111",244300,26,619296,6614335,FALSE
"112",244900,10,582501,6583545,FALSE
"113",245000,4,639672,6735505,FALSE
"114",245200,219,494214,6573396,FALSE
"115",245300,16,618062,6733200,FALSE
"116",245800,21,645185,6643209,FALSE
"117",246200,13,647444,6639497,FALSE
"118",246800,493,507741,6693985,FALSE
"119",247200,240,506819,6665094,FALSE
"120",247600,32,580155,6547171,FALSE
"121",248100,57,594386,6642558,FALSE
"122",248200,56,609365,6682997,FALSE
"123",250000,33,269777,6534894,FALSE
"124",250100,22,271281,6499557,FALSE
"125",250500,16,283917,6445070,FALSE
"126",250700,80,292236,6507833,FALSE
"127",251300,2,320845,6401025,FALSE
"128",251500,20,332749,6454475,FALSE
"129",251600,17,297298,6392838,FALSE
"130",251800,2,313637,6355451,FALSE
"131",252000,54,366494,6478732,FALSE
"132",252100,55,349664,6498444,FALSE
"133",252600,154,338503,6395877,FALSE
"134",252700,164,338372,6393775,FALSE
"135",253100,94,319927,6397966,FALSE
"136",253600,298,391006,6406249,FALSE
"137",253900,122,365304,6332227,FALSE
"138",254000,174,337177,6499682,FALSE
"139",254200,70,385222,6466253,FALSE
"140",254400,95,471284,6485998,FALSE
"141",254500,91,474794,6491887,FALSE
"142",254600,211,464853,6526538,FALSE
"143",254800,95,465130,6439473,FALSE
"144",254900,356,468086,6372982,FALSE
"145",255000,220,444595,6401414,FALSE
"146",255200,197,513928,6436739,FALSE
"147",255300,220,428344,6438195,FALSE
"148",255400,225,501744,6508441,FALSE
"149",255600,169,448162,6350274,FALSE
"150",255700,90,551308,6416391,FALSE
"151",255800,154,575959,6506210,FALSE
"152",256100,72,525171,6500082,FALSE
"153",256200,93,530728,6473153,FALSE
"154",257400,41,566674,6494167,FALSE
"155",260200,140,373087,6252965,FALSE
"156",260300,47,357501,6304515,FALSE
"157",260500,10,348811,6258830,FALSE
"158",261800,133,382004,6313428,FALSE
"159",262000,85,382460,6315342,FALSE
"160",262200,148,431818,6301557,FALSE
"161",270500,491,1029451,7486053,FALSE
"162",271700,275,945553,7600851,FALSE
"163",271900,240,1033776,7578225,FALSE
"164",272200,320,1006807,7640644,FALSE
"165",272300,522,914260,7551941,FALSE
"166",272600,374,848208,7634428,FALSE
"167",274500,213,1109651,7519441,FALSE
"168",280100,480,730794,7670774,FALSE
"169",280500,107,961064,7784239,FALSE
"170",280700,147,1002398,7661558,FALSE
"171",281200,91,927427,7412476,FALSE
"172",281300,106,986310,7427546,FALSE
"173",281400,208,1033568,7451938,FALSE
"174",281500,180,1064592,7523223,FALSE
"175",281600,248,1004769,7602288,FALSE
"176",281700,437,1007522,7642755,FALSE
"177",281800,253,1040966,7654919,FALSE
"178",281900,370,1112828,7587849,FALSE
"179",282000,760,875484,7577395,FALSE
"180",282100,565,880356,7568012,FALSE
"181",282300,236,862713,7563758,FALSE
"182",282400,347,885390,7570336,FALSE
"183",282600,179,997164,7519053,FALSE
"184",282700,123,995032,7713071,FALSE
"185",283500,121,1031962,7695454,FALSE
"186",283600,179,996969,7519016,FALSE
"187",284400,85,893333,7434400,FALSE
"188",284500,193,978367,7424222,FALSE
"189",284700,85,974608,7416282,FALSE
"190",284900,215,1096319,7478727,FALSE
"191",601900,41,113293,6327517,FALSE
"192",602100,3,112483,6349155,FALSE
"193",602200,75,-139370,6222296,FALSE
"194",602400,7,118966,6342390,FALSE
"195",602900,2,199955,6333645,FALSE
"196",603000,3,188160,6339895,FALSE
"197",603100,13,195064,6349313,FALSE
"198",603200,55,219657,6369620,FALSE
"199",603300,3,198779,6394890,FALSE
"200",603400,28,213867,6383606,FALSE
"201",604100,3,239989,6407752,FALSE
"202",604200,3,232871,6374685,FALSE
"203",604400,16,215069,6326097,FALSE
"204",604900,88,198526,6279260,FALSE
"205",605100,18,92036,6310998,FALSE
"206",605200,2,84964,6305318,FALSE
"207",605500,5,75464,6268713,FALSE
"208",605600,53,109447,6266714,FALSE
"209",605800,2,72683,6228129,FALSE
"210",606000,52,135916,6254304,FALSE
"211",606300,2,144876,6320549,FALSE
"212",606500,32,164311,6303679,FALSE
"213",606600,5,85745,6225042,FALSE
"214",606800,60,138191,6231801,FALSE
"215",606900,53,165912,6274177,FALSE
"216",607000,25,229443,6248994,FALSE
"217",607200,60,198602,6250455,FALSE
"218",607300,4,220980,6225794,FALSE
"219",607400,54,197360,6225689,FALSE
"220",607900,2,286411,6291315,FALSE
"221",608000,30,93956,6172397,FALSE
"222",608100,19,64038,6178580,FALSE
"223",608200,25,102232,6219909,FALSE
"224",608800,4,82827,6164507,FALSE
"225",610200,22,173931,6203692,FALSE
"226",610400,75,134016,6192349,FALSE
"227",610900,62,128017,6163020,FALSE
"228",613200,16,225842,6196023,FALSE
"229",625500,47,-239654,6867701,FALSE
"230",2202800,33,1284423,7807252,FALSE
"231",2210600,61,1176751,7703935,FALSE
"232",2211300,57,1214113,7755474,FALSE
"233",2212700,159,1324830,7678749,FALSE
"234",2221200,140,1242304,7645166,FALSE
"235",2221700,26,1243314,7555034,FALSE
"236",1135,160,301260,6544083,TRUE
"237",1230,8,293198,6559270,TRUE
"238",1400,114,303170,6561576,TRUE
"239",2980,66,286764,6558308,TRUE
"240",17251,32,255350,6597300,TRUE
"241",17280,14,249279,6596851,TRUE
"242",3005,40,283312,6566012,TRUE
"243",3190,57,278602,6578270,TRUE
"244",3200,31,279940,6580648,TRUE
"245",3370,45,274810,6582300,TRUE
"246",3015,10,273369,6567897,TRUE
"247",3019,10,268546,6570532,TRUE
"248",3030,30,269721,6572716,TRUE
"249",3120,9,273191,6575744,TRUE
"250",17000,10,261507,6564358,TRUE
"251",17005,5,262798,6566756,TRUE
"252",17030,3,257811,6577264,TRUE
"253",1080,17,273068,6550860,TRUE
"254",1600,120,310962,6573072,TRUE
"255",1650,113,309830,6578293,TRUE
"256",1950,123,310323,6598603,TRUE
"257",1960,208,308218,6601733,TRUE
"258",3990,179,291757,6630307,TRUE
"259",3720,90,279667,6612039,TRUE
"260",3730,97,279597,6612489,TRUE
"261",3731,100,279414,6612556,TRUE
"262",3810,141,283569,6611689,TRUE
"263",3480,158,299543,6606203,TRUE
"264",1380,130,289972,6587756,TRUE
"265",3280,144,295655,6597006,TRUE
"266",3290,100,294848,6588637,TRUE
"267",17050,12,261862,6583037,TRUE
"268",17090,50,266768,6586248,TRUE
"269",17150,40,261313,6589257,TRUE
"270",17380,35,259002,6592062,TRUE
"271",17400,30,261580,6600663,TRUE
"272",17500,131,274348,6602086,TRUE
"273",3780,144,277168,6617511,TRUE
"274",17550,25,258209,6605479,TRUE
"275",17650,75,259606,6614602,TRUE
"276",17830,60,264690,6632156,TRUE
"277",17850,89,262429,6621155,TRUE
"278",17870,120,263485,6621780,TRUE
"279",17875,91,265369,6623705,TRUE
"280",17775,32,252118,6630448,TRUE
"281",17780,104,255111,6638303,TRUE
"282",17810,98,257107,6643253,TRUE
"283",17895,110,262141,6636081,TRUE
"284",19430,3,250565,6647821,TRUE
"285",19490,67,249325,6649469,TRUE
"286",19510,125,255499,6652819,TRUE
"287",19610,81,246531,6650632,TRUE
"288",19660,250,242345,6654552,TRUE
"289",19710,163,244377,6644211,TRUE
"290",2560,204,296190,6639055,TRUE
"291",2650,128,308792,6646573,TRUE
"292",4825,145,293417,6650726,TRUE
"293",4040,164,283905,6629974,TRUE
"294",17640,130,275695,6629176,TRUE
"295",4090,227,273189,6648787,TRUE
"296",4110,231,275288,6652231,TRUE
"297",4200,109,278919,6654781,TRUE
"298",4260,143,275585,6655730,TRUE
"299",18280,225,272915,6656898,TRUE
"300",4460,170,268279,6671793,TRUE
"301",4725,203,284568,6676425,TRUE
"302",4780,202,282812,6680860,TRUE
"303",4781,202,282365,6678855,TRUE
"304",4920,160,299664,6671003,TRUE
"305",4950,145,305372,6672927,TRUE
"306",4960,130,305275,6686545,TRUE
"307",11120,181,287828,6690857,TRUE
"308",11125,180,286404,6689433,TRUE
"309",11440,140,288995,6723060,TRUE
"310",11450,160,292300,6701236,TRUE
"311",11463,150,292340,6701646,TRUE
"312",4740,187,280981,6677364,TRUE
"313",17980,92,266048,6641271,TRUE
"314",18020,135,264179,6645365,TRUE
"315",18160,118,264449,6644756,TRUE
"316",18162,15,264395,6648310,TRUE
"317",18165,130,265178,6647311,TRUE
"318",18170,123,267156,6647097,TRUE
"319",18180,176,267807,6648340,TRUE
"320",18195,80,266339,6648019,TRUE
"321",18205,88,264787,6650954,TRUE
"322",18210,100,265518,6650271,TRUE
"323",18215,155,267118,6651208,TRUE
"324",18225,204,267097,6652817,TRUE
"325",18230,90,267290,6650639,TRUE
"326",18233,120,268975,6652487,TRUE
"327",18235,160,270853,6652057,TRUE
"328",18240,160,270450,6651614,TRUE
"329",18245,201,269702,6654719,TRUE
"330",18260,181,272476,6652493,TRUE
"331",18269,123,271371,6653365,TRUE
"332",18270,200,273036,6654680,TRUE
"333",18310,19,263823,6649452,TRUE
"334",18390,74,262542,6652560,TRUE
"335",18405,110,263890,6652251,TRUE
"336",18410,140,265310,6652294,TRUE
"337",18420,130,264918,6652911,TRUE
"338",18440,162,264740,6654508,TRUE
"339",18450,173,265049,6655761,TRUE
"340",18500,360,259962,6664957,TRUE
"341",18645,25,260776,6649592,TRUE
"342",18690,20,259866,6649316,TRUE
"343",18700,94,260967,6652718,TRUE
"344",18701,94,260972,6652718,TRUE
"345",18703,96,260936,6652754,TRUE
"346",18815,15,258620,6648705,TRUE
"347",18840,50,258830,6652008,TRUE
"348",18920,240,260164,6654412,TRUE
"349",18950,514,258447,6657618,TRUE
"350",18980,39,256024,6650584,TRUE
"351",2970,273,359219,6682246,TRUE
"352",5495,185,336721,6666400,TRUE
"353",5590,148,334039,6676368,TRUE
"354",5660,150,339038,6683214,TRUE
"355",12123,128,289037,6746076,TRUE
"356",12180,182,293433,6746801,TRUE
"357",12290,132,287708,6746937,TRUE
"358",12291,125,288472,6747315,TRUE
"359",12320,221,286299,6748919,TRUE
"360",12520,205,280061,6746261,TRUE
"361",12550,128,271629,6744837,TRUE
"362",12580,230,272099,6760666,TRUE
"363",12590,20,265532,6762512,TRUE
"364",12595,162,266789,6764105,TRUE
"365",12600,161,266067,6765269,TRUE
"366",12800,520,266802,6783171,TRUE
"367",6690,270,305455,6752866,TRUE
"368",12050,160,297562,6726329,TRUE
"369",5330,135,311904,6696171,TRUE
"370",5350,147,310326,6699612,TRUE
"371",5680,170,336984,6696476,TRUE
"372",5710,154,336996,6707405,TRUE
"373",6020,185,336500,6723521,TRUE
"374",6160,155,336813,6716268,TRUE
"375",6440,276,356353,6731414,TRUE
"376",6580,160,323585,6739571,TRUE
"377",6700,200,309978,6763122,TRUE
"378",60,564,367134,6827504,TRUE
"379",90,575,341871,6779534,TRUE
"380",100,333,365592,6780378,TRUE
"381",120,580,376376,6789213,TRUE
"382",180,360,353846,6798632,TRUE
"383",250,664,360111,6812248,TRUE
"384",6840,230,304128,6781767,TRUE
"385",7420,872,312963,6809720,TRUE
"386",7940,260,304089,6784950,TRUE
"387",7950,255,304913,6788900,TRUE
"388",8140,257,290930,6816467,TRUE
"389",8230,283,287909,6833310,TRUE
"390",8300,640,277494,6847213,TRUE
"391",8450,535,262866,6859109,TRUE
"392",8720,749,244691,6871508,TRUE
"393",7660,260,299289,6846172,TRUE
"394",7920,525,293189,6892539,TRUE
"395",8800,387,284912,6865860,TRUE
"396",420,481,341102,6842724,TRUE
"397",610,690,333728,6860778,TRUE
"398",670,754,341709,6860075,TRUE
"399",700,672,344849,6865141,TRUE
"400",725,826,350220,6886606,TRUE
"401",730,794,352289,6885846,TRUE
"402",770,713,315502,6901961,TRUE
"403",9580,482,278547,6911509,TRUE
"404",9870,690,263527,6930786,TRUE
"405",66810,525,251849,6958067,TRUE
"406",66850,549,257321,6949499,TRUE
"407",66860,545,257367,6948165,TRUE
"408",66890,900,271903,6946370,TRUE
"409",66900,695,262594,6935714,TRUE
"410",66990,860,251224,6939196,TRUE
"411",8880,478,271889,6894056,TRUE
"412",9400,480,271878,6901844,TRUE
"413",8770,731,239464,6881084,TRUE
"414",8780,780,238404,6885415,TRUE
"415",8970,746,258021,6908692,TRUE
"416",9160,694,239125,6898544,TRUE
"417",810,687,330443,6909388,TRUE
"418",10070,600,302895,6935759,TRUE
"419",12666,130,254452,6783375,TRUE
"420",12680,240,256243,6781518,TRUE
"421",13110,205,253250,6790354,TRUE
"422",11900,190,261537,6765437,TRUE
"423",9303,1025,216008,6912008,TRUE
"424",9310,1012,216453,6910728,TRUE
"425",9380,1475,207174,6919507,TRUE
"426",16400,560,197420,6889604,TRUE
"427",16560,638,192773,6896126,TRUE
"428",16610,973,202117,6899946,TRUE
"429",16611,980,202114,6899857,TRUE
"430",16620,930,212593,6906579,TRUE
"431",16790,551,182933,6900846,TRUE
"432",16845,620,171484,6906573,TRUE
"433",61630,579,147324,6921509,TRUE
"434",15480,374,156873,6877835,TRUE
"435",15660,432,141612,6882059,TRUE
"436",15730,664,127148,6882990,TRUE
"437",15890,872,116537,6897707,TRUE
"438",15950,930,102349,6898710,TRUE
"439",15270,1894,149452,6856140,TRUE
"440",15430,701,143377,6861613,TRUE
"441",15460,1800,138201,6845720,TRUE
"442",55290,1413,128529,6845686,TRUE
"443",14550,823,185699,6880065,TRUE
"444",14711,811,184836,6867936,TRUE
"445",13640,630,202518,6832880,TRUE
"446",13655,928,202568,6834700,TRUE
"447",14050,330,212081,6850107,TRUE
"448",14200,599,191350,6857396,TRUE
"449",16040,309,212253,6861563,TRUE
"450",16265,380,206581,6873249,TRUE
"451",16271,940,210059,6874070,TRUE
"452",13700,752,208859,6821507,TRUE
"453",13140,187,243765,6823114,TRUE
"454",13150,200,243512,6822943,TRUE
"455",13160,1030,240507,6824262,TRUE
"456",13310,770,250172,6823328,TRUE
"457",13390,185,238235,6831700,TRUE
"458",13420,930,241030,6845074,TRUE
"459",13450,666,234069,6847059,TRUE
"460",13125,200,247535,6803814,TRUE
"461",13030,375,245538,6797052,TRUE
"462",13060,575,241348,6802780,TRUE
"463",11500,264,274598,6736485,TRUE
"464",11690,410,260935,6727575,TRUE
"465",11710,406,261327,6725617,TRUE
"466",4543,235,262609,6676589,TRUE
"467",4590,415,264890,6689676,TRUE
"468",20470,385,252900,6691218,TRUE
"469",20520,372,255525,6692471,TRUE
"470",11340,620,260439,6709993,TRUE
"471",20540,245,255092,6699292,TRUE
"472",21680,542,231132,6765682,TRUE
"473",22690,170,220912,6732644,TRUE
"474",22730,474,211439,6732019,TRUE
"475",22790,172,213236,6737020,TRUE
"476",22840,628,200709,6756944,TRUE
"477",22990,425,193380,6770844,TRUE
"478",23160,639,190612,6767145,TRUE
"479",23410,822,191717,6777660,TRUE
"480",23420,365,188436,6775026,TRUE
"481",13750,1088,174465,6824633,TRUE
"482",23500,521,180431,6790894,TRUE
"483",23550,965,174233,6805891,TRUE
"484",23560,754,170565,6805395,TRUE
"485",23720,489,153920,6793633,TRUE
"486",54710,956,130049,6802130,TRUE
"487",54731,1010,132206,6801936,TRUE
"488",26594,25,230114,6631421,TRUE
"489",26852,65,231841,6633073,TRUE
"490",26862,15,231025,6632618,TRUE
"491",26864,25,230122,6633309,TRUE
"492",26872,25,228770,6633721,TRUE
"493",26898,15,226970,6634020,TRUE
"494",26900,8,226155,6634058,TRUE
"495",26932,100,231116,6630052,TRUE
"496",26934,5,233957,6628742,TRUE
"497",27010,193,227074,6629441,TRUE
"498",27015,230,227119,6630131,TRUE
"499",28380,170,197738,6621832,TRUE
"500",28450,390,187302,6621182,TRUE
"501",20250,66,238571,6672842,TRUE
"502",20280,126,237229,6676458,TRUE
"503",20301,140,236419,6679445,TRUE
"504",20361,190,240243,6683495,TRUE
"505",24210,140,219219,6688754,TRUE
"506",24230,210,214362,6687364,TRUE
"507",24350,135,224449,6667505,TRUE
"508",19663,340,240132,6656551,TRUE
"509",24710,142,202790,6706244,TRUE
"510",26450,890,179586,6706399,TRUE
"511",24890,166,178700,6728926,TRUE
"512",23300,830,180071,6756436,TRUE
"513",24960,542,170084,6746765,TRUE
"514",25100,648,148951,6765686,TRUE
"515",25110,604,152274,6763621,TRUE
"516",25112,807,148358,6765767,TRUE
"517",25165,1130,130005,6779438,TRUE
"518",25260,863,133222,6745768,TRUE
"519",25320,720,148177,6739847,TRUE
"520",25540,969,118682,6747270,TRUE
"521",25541,1020,118302,6747524,TRUE
"522",25580,670,134476,6734874,TRUE
"523",25630,772,126964,6729759,TRUE
"524",25640,841,124444,6730246,TRUE
"525",29720,798,143875,6715578,TRUE
"526",26350,143,191325,6679530,TRUE
"527",26380,293,187156,6692397,TRUE
"528",24600,367,200111,6679023,TRUE
"529",24670,150,206565,6693129,TRUE
"530",19930,375,223328,6647088,TRUE
"531",26650,80,210274,6627894,TRUE
"532",26670,21,215515,6620491,TRUE
"533",26810,7,214607,6636615,TRUE
"534",26820,15,213236,6635882,TRUE
"535",19923,250,238240,6640483,TRUE
"536",19940,39,234131,6637557,TRUE
"537",19960,170,236148,6649638,TRUE
"538",19970,170,235898,6649522,TRUE
"539",19820,363,249942,6618251,TRUE
"540",28750,183,186626,6650029,TRUE
"541",28922,275,174236,6670691,TRUE
"542",29350,648,151980,6696433,TRUE
"543",29600,870,156682,6719278,TRUE
"544",29700,1035,141305,6710788,TRUE
"545",27130,40,240402,6597095,TRUE
"546",27140,12,241220,6595340,TRUE
"547",27065,25,232272,6608726,TRUE
"548",27270,3,239763,6579935,TRUE
"549",27285,30,236865,6584637,TRUE
"550",27330,33,232325,6582219,TRUE
"551",27470,88,229013,6570241,TRUE
"552",27480,50,230021,6568359,TRUE
"553",27564,72,225728,6566677,TRUE
"554",27600,6,226277,6564571,TRUE
"555",27730,100,226284,6570247,TRUE
"556",27780,19,220458,6555460,TRUE
"557",27785,70,219874,6562242,TRUE
"558",27800,31,212498,6572740,TRUE
"559",27860,50,213780,6575360,TRUE
"560",29950,15,221146,6546705,TRUE
"561",30000,28,214909,6556574,TRUE
"562",30020,55,216114,6559145,TRUE
"563",30242,10,208445,6550333,TRUE
"564",30244,70,209110,6559214,TRUE
"565",30246,65,210116,6558221,TRUE
"566",26950,4,240754,6616141,TRUE
"567",26970,7,239836,6622885,TRUE
"568",26980,49,239663,6610798,TRUE
"569",26990,60,230197,6618742,TRUE
"570",26996,437,224243,6622307,TRUE
"571",26750,45,221044,6613926,TRUE
"572",27301,30,230080,6589351,TRUE
"573",27315,39,229685,6592128,TRUE
"574",27320,55,237575,6588521,TRUE
"575",27295,20,226672,6583729,TRUE
"576",27450,26,234673,6574925,TRUE
"577",27770,90,226711,6580541,TRUE
"578",27460,20,238031,6574055,TRUE
"579",27500,6,243181,6551688,TRUE
"580",30247,130,200655,6562976,TRUE
"581",30255,100,194224,6562424,TRUE
"582",30260,12,192727,6566124,TRUE
"583",30280,10,185832,6566966,TRUE
"584",30305,280,195839,6579909,TRUE
"585",30320,13,191170,6574772,TRUE
"586",30330,41,190719,6577896,TRUE
"587",30380,475,190337,6603544,TRUE
"588",30420,136,189726,6573112,TRUE
"589",30428,20,188241,6573479,TRUE
"590",32780,113,172254,6570226,TRUE
"591",30530,34,176186,6617384,TRUE
"592",30650,20,173133,6617414,TRUE
"593",31700,200,160237,6652563,TRUE
"594",34095,50,190199,6550524,TRUE
"595",34100,70,186106,6549907,TRUE
"596",34130,5,187214,6536763,TRUE
"597",34370,60,174058,6547165,TRUE
"598",34620,106,159372,6567227,TRUE
"599",34800,235,144185,6573175,TRUE
"600",34900,464,145079,6586141,TRUE
"601",32490,83,174367,6585085,TRUE
"602",32540,50,174247,6584424,TRUE
"603",32220,1102,159700,6611391,TRUE
"604",32240,105,161394,6601753,TRUE
"605",32060,93,171474,6596908,TRUE
"606",32061,94,171417,6596913,TRUE
"607",30860,514,167727,6653651,TRUE
"608",31080,762,150512,6682489,TRUE
"609",31410,258,145802,6655007,TRUE
"610",31500,870,127307,6650719,TRUE
"611",31520,953,125702,6652036,TRUE
"612",31970,1804,144914,6651697,TRUE
"613",31850,162,145501,6624034,TRUE
"614",31855,335,138109,6622950,TRUE
"615",31900,464,152335,6639408,TRUE
"616",32290,125,140405,6611770,TRUE
"617",32350,567,127062,6630821,TRUE
"618",32850,77,129818,6603419,TRUE
"619",37150,570,136295,6563178,TRUE
"620",37230,252,128286,6560969,TRUE
"621",37500,532,110700,6596199,TRUE
"622",37650,287,114072,6560564,TRUE
"623",37740,295,102466,6578862,TRUE
"624",37820,315,105518,6582885,TRUE
"625",32890,560,115363,6615099,TRUE
"626",37570,740,93072,6604324,TRUE
"627",31570,946,115480,6650753,TRUE
"628",31620,977,118161,6653245,TRUE
"629",31660,954,105424,6674594,TRUE
"630",33250,715,108354,6639239,TRUE
"631",33555,490,96197,6630956,TRUE
"632",33890,821,71781,6650079,TRUE
"633",33950,1010,63934,6656121,TRUE
"634",35340,36,164918,6523162,TRUE
"635",38140,6,121120,6484824,TRUE
"636",38150,70,117120,6480371,TRUE
"637",36010,60,142121,6509033,TRUE
"638",36110,50,134076,6497181,TRUE
"639",36140,20,138425,6494390,TRUE
"640",36200,12,137302,6489879,TRUE
"641",35090,42,159269,6533226,TRUE
"642",35110,85,160982,6538370,TRUE
"643",35200,240,151483,6543093,TRUE
"644",35210,32,155795,6540958,TRUE
"645",35860,4,160514,6514357,TRUE
"646",36490,63,135150,6512247,TRUE
"647",38600,245,110741,6518688,TRUE
"648",38730,162,117761,6514368,TRUE
"649",38735,186,117105,6514825,TRUE
"650",38250,35,99923,6471176,TRUE
"651",38380,259,95029,6508004,TRUE
"652",38421,67,108411,6495187,TRUE
"653",38450,85,113059,6506035,TRUE
"654",36560,142,130834,6519545,TRUE
"655",38800,190,108346,6536724,TRUE
"656",39750,207,83267,6527528,TRUE
"657",40005,235,72786,6567076,TRUE
"658",40250,308,73711,6585940,TRUE
"659",40420,599,65289,6604234,TRUE
"660",40510,1105,38848,6605362,TRUE
"661",40880,841,70721,6628898,TRUE
"662",40905,915,75223,6635583,TRUE
"663",39040,12,93495,6471890,TRUE
"664",39100,9,90655,6457951,TRUE
"665",39150,12,91520,6466542,TRUE
"666",39160,124,89788,6469100,TRUE
"667",39165,9,88446,6467423,TRUE
"668",39200,25,88185,6466351,TRUE
"669",39201,32,84331,6462693,TRUE
"670",39210,86,86772,6466162,TRUE
"671",39212,80,84783,6466202,TRUE
"672",39220,151,82738,6474732,TRUE
"673",41005,80,65365,6462096,TRUE
"674",41090,10,54702,6456398,TRUE
"675",42160,14,3874,6471931,TRUE
"676",42650,5,11122,6490740,TRUE
"677",42700,150,11247,6500402,TRUE
"678",42720,75,13306,6504815,TRUE
"679",39450,280,79309,6485555,TRUE
"680",41200,275,66657,6488000,TRUE
"681",41480,278,59508,6522246,TRUE
"682",41550,504,58405,6541694,TRUE
"683",41670,263,53578,6483740,TRUE
"684",41770,16,30388,6454475,TRUE
"685",41795,150,41546,6467597,TRUE
"686",41820,4,32207,6471324,TRUE
"687",41825,6,32416,6470332,TRUE
"688",41990,220,26263,6481716,TRUE
"689",41840,631,42170,6495507,TRUE
"690",41860,317,30013,6483851,TRUE
"691",42490,470,39055,6512139,TRUE
"692",42520,348,33306,6530030,TRUE
"693",42810,55,19808,6532417,TRUE
"694",42940,560,34883,6559675,TRUE
"695",42950,582,35679,6562108,TRUE
"696",44985,660,20534,6558107,TRUE
"697",43350,49,-31971,6513400,TRUE
"698",43360,4,-24095,6514292,TRUE
"699",43520,385,6442,6529860,TRUE
"700",44710,15,-33947,6564309,TRUE
"701",44730,19,-31881,6561990,TRUE
"702",44760,2,-19365,6564699,TRUE
"703",44780,170,-20274,6560166,TRUE
"704",44800,230,-23374,6555436,TRUE
"705",44563,20,-38660,6573774,TRUE
"706",44580,15,-35735,6571781,TRUE
"707",44620,30,-34266,6576009,TRUE
"708",44640,72,-32148,6572293,TRUE
"709",44660,5,-32116,6576971,TRUE
"710",47350,25,-61414,6630865,TRUE
"711",43090,136,-5308,6497421,TRUE
"712",43220,205,-14092,6504741,TRUE
"713",43010,65,5784,6516490,TRUE
"714",43530,120,-18251,6525635,TRUE
"715",43895,10,-41234,6527677,TRUE
"716",44080,24,-46825,6540733,TRUE
"717",44300,87,-39759,6551167,TRUE
"718",44160,19,-41285,6543956,TRUE
"719",44190,135,-34980,6547733,TRUE
"720",43810,311,1539,6546031,TRUE
"721",44480,263,-21687,6540064,TRUE
"722",44485,230,-21528,6539941,TRUE
"723",44520,288,-18967,6547677,TRUE
"724",44900,44,-15466,6555501,TRUE
"725",44970,65,-4994,6551751,TRUE
"726",44545,30,-38452,6561985,TRUE
"727",44550,33,-37155,6563642,TRUE
"728",44560,7,-38603,6564974,TRUE
"729",44567,35,-35939,6576617,TRUE
"730",45350,5,21656,6576186,TRUE
"731",45460,10,-13048,6576153,TRUE
"732",45530,300,-8384,6579640,TRUE
"733",45600,64,-13762,6583329,TRUE
"734",45675,5,-3937,6590146,TRUE
"735",45770,43,-4107,6599218,TRUE
"736",45870,30,-11585,6592334,TRUE
"737",46090,30,4938,6605251,TRUE
"738",46130,140,3763,6621810,TRUE
"739",46150,25,6702,6625849,TRUE
"740",46300,333,38237,6634146,TRUE
"741",46400,72,39710,6640826,TRUE
"742",46610,5,13315,6643982,TRUE
"743",46700,255,23394,6647008,TRUE
"744",44605,30,-32436,6590951,TRUE
"745",44610,21,-48497,6587410,TRUE
"746",47055,40,-40541,6611667,TRUE
"747",47060,30,-40871,6625547,TRUE
"748",47220,35,-59554,6602476,TRUE
"749",47240,19,-53742,6610633,TRUE
"750",47260,24,-56129,6620071,TRUE
"751",47270,8,-49753,6615751,TRUE
"752",47300,55,-75231,6618073,TRUE
"753",46850,159,-7943,6636462,TRUE
"754",46930,20,-24356,6631621,TRUE
"755",47090,5,-29539,6633550,TRUE
"756",47480,50,-24182,6640296,TRUE
"757",50415,300,-23479,6726664,TRUE
"758",50450,54,-33597,6721033,TRUE
"759",50480,45,-36069,6723546,TRUE
"760",50485,12,-31614,6733223,TRUE
"761",50500,48,-39037,6723695,TRUE
"762",50505,230,-30177,6728707,TRUE
"763",50506,15,-31858,6729836,TRUE
"764",50507,90,-34361,6727721,TRUE
"765",50540,12,-31673,6733198,TRUE
"766",50770,80,-27330,6741391,TRUE
"767",50830,20,-24032,6736400,TRUE
"768",50850,80,-25592,6729366,TRUE
"769",52452,20,-32968,6749153,TRUE
"770",47498,8,-8664,6648592,TRUE
"771",47500,35,-7973,6648756,TRUE
"772",47600,83,-2371,6647924,TRUE
"773",47610,568,-1589,6644605,TRUE
"774",47820,178,12418,6667939,TRUE
"775",47445,50,-35518,6648147,TRUE
"776",47450,36,-37938,6651682,TRUE
"777",48061,13,-49342,6669644,TRUE
"778",48290,104,-53809,6676611,TRUE
"779",48330,25,-54107,6682908,TRUE
"780",48069,20,-39601,6661412,TRUE
"781",48070,20,-38167,6662253,TRUE
"782",48120,49,-40855,6667933,TRUE
"783",48170,60,-30732,6679940,TRUE
"784",47855,190,-77,6659258,TRUE
"785",47890,38,-2184,6669759,TRUE
"786",48450,13,-15831,6672350,TRUE
"787",48500,51,233,6684413,TRUE
"788",48780,33,19297,6697762,TRUE
"789",50150,45,-5541,6690981,TRUE
"790",49080,342,24490,6713670,TRUE
"791",49087,1390,26021,6706520,TRUE
"792",33990,990,57350,6661178,TRUE
"793",46430,1010,37342,6661578,TRUE
"794",46432,1370,36163,6662199,TRUE
"795",46450,393,42392,6660824,TRUE
"796",46510,1079,51377,6660821,TRUE
"797",49240,205,30651,6675619,TRUE
"798",49351,32,31616,6694983,TRUE
"799",49090,18,36010,6729152,TRUE
"800",49120,40,39928,6722277,TRUE
"801",49160,19,34292,6709546,TRUE
"802",49480,105,37033,6708755,TRUE
"803",49490,12,39785,6716081,TRUE
"804",49970,34,47101,6731215,TRUE
"805",29400,1250,83516,6695599,TRUE
"806",29900,1250,90857,6716599,TRUE
"807",49631,20,64537,6729452,TRUE
"808",49800,735,75367,6721839,TRUE
"809",49860,1243,86642,6716124,TRUE
"810",25830,1210,91443,6740648,TRUE
"811",49910,42,58449,6741331,TRUE
"812",49955,9,56820,6736133,TRUE
"813",53530,1162,78375,6749336,TRUE
"814",51250,316,7613,6762072,TRUE
"815",51440,17,14896,6756368,TRUE
"816",51460,45,19804,6754722,TRUE
"817",51470,328,20933,6755381,TRUE
"818",51530,54,31735,6751635,TRUE
"819",51610,77,32514,6753651,TRUE
"820",51800,695,60606,6756645,TRUE
"821",51940,215,38050,6768885,TRUE
"822",51980,853,37392,6777396,TRUE
"823",51990,700,37781,6777930,TRUE
"824",53160,614,51827,6780047,TRUE
"825",50070,49,19548,6723146,TRUE
"826",50080,108,15362,6726097,TRUE
"827",50110,13,16125,6721182,TRUE
"828",50120,16,5369,6715696,TRUE
"829",50310,455,2979,6728880,TRUE
"830",50311,448,3117,6728748,TRUE
"831",50351,367,296,6737746,TRUE
"832",50360,250,-14053,6732349,TRUE
"833",50175,32,-44683,6693743,TRUE
"834",50514,72,-46751,6728148,TRUE
"835",50515,335,-44614,6727711,TRUE
"836",50525,30,-40983,6733425,TRUE
"837",52458,17,-39032,6740885,TRUE
"838",52463,25,-37929,6735656,TRUE
"839",51010,10,-8075,6745299,TRUE
"840",52170,450,19217,6773343,TRUE
"841",52220,579,25964,6775373,TRUE
"842",52310,125,10650,6780541,TRUE
"843",52320,125,11952,6788345,TRUE
"844",52475,30,-53171,6753224,TRUE
"845",52360,325,-9240,6776054,TRUE
"846",52390,100,-20113,6758945,TRUE
"847",52400,72,-25127,6759343,TRUE
"848",52415,50,-32075,6769282,TRUE
"849",52555,25,-41744,6781039,TRUE
"850",52535,19,-58261,6782166,TRUE
"851",52601,325,-10738,6781147,TRUE
"852",52750,13,-30647,6785388,TRUE
"853",57630,190,5344,6861235,TRUE
"854",57710,9,-27967,6868308,TRUE
"855",57770,26,-46386,6869906,TRUE
"856",52860,38,-18487,6804024,TRUE
"857",52930,240,-17264,6796082,TRUE
"858",52940,220,-13580,6793564,TRUE
"859",56400,3,-57006,6807665,TRUE
"860",52970,4,10277,6804223,TRUE
"861",52990,4,23431,6807253,TRUE
"862",56010,5,21088,6819875,TRUE
"863",56320,31,-8230,6812116,TRUE
"864",53010,910,41018,6789186,TRUE
"865",53070,65,46583,6800129,TRUE
"866",53101,49,51430,6810717,TRUE
"867",53130,32,65482,6797282,TRUE
"868",55928,15,45631,6814914,TRUE
"869",55930,14,45803,6814982,TRUE
"870",55970,20,27973,6812925,TRUE
"871",55770,45,63141,6810063,TRUE
"872",55700,497,77780,6805809,TRUE
"873",55701,1150,76787,6807616,TRUE
"874",55705,170,82028,6810211,TRUE
"875",55730,421,69089,6826760,TRUE
"876",55735,521,66122,6828537,TRUE
"877",55760,50,66840,6807351,TRUE
"878",55820,3,61324,6837695,TRUE
"879",53280,15,71833,6773132,TRUE
"880",53480,960,75561,6756741,TRUE
"881",53700,15,77636,6777178,TRUE
"882",53990,1160,95740,6756929,TRUE
"883",54110,2,96426,6797459,TRUE
"884",54180,50,99027,6791679,TRUE
"885",54190,90,100729,6790845,TRUE
"886",54320,407,112907,6790604,TRUE
"887",54330,410,114669,6792734,TRUE
"888",54420,1124,126892,6783245,TRUE
"889",54590,742,124041,6794264,TRUE
"890",54600,806,125135,6794944,TRUE
"891",54740,35,103897,6806153,TRUE
"892",54770,50,112652,6814592,TRUE
"893",54780,28,115926,6818641,TRUE
"894",54815,1080,132573,6812712,TRUE
"895",55230,2062,123069,6840790,TRUE
"896",55300,17,106939,6840391,TRUE
"897",55360,80,95000,6831547,TRUE
"898",55520,249,86728,6825759,TRUE
"899",55550,246,82110,6820409,TRUE
"900",55670,172,76392,6841999,TRUE
"901",56420,7,-32044,6836094,TRUE
"902",56520,85,-12309,6826245,TRUE
"903",56250,140,9571,6829876,TRUE
"904",56780,47,5047,6836309,TRUE
"905",56850,243,29847,6830897,TRUE
"906",57000,321,7566,6841310,TRUE
"907",57365,210,28880,6850926,TRUE
"908",57380,346,56956,6848667,TRUE
"909",57390,205,48998,6856426,TRUE
"910",56960,329,40674,6840033,TRUE
"911",57420,64,17903,6848174,TRUE
"912",57480,237,25608,6855007,TRUE
"913",57790,715,-17258,6877476,TRUE
"914",57810,16,-10605,6886856,TRUE
"915",57850,78,3778,6899165,TRUE
"916",57940,24,9705,6890780,TRUE
"917",59110,75,-22419,6918439,TRUE
"918",59250,3,-17733,6913696,TRUE
"919",59450,75,-8699,6929169,TRUE
"920",59500,496,-12493,6934284,TRUE
"921",58780,34,30474,6897568,TRUE
"922",58960,349,63550,6902702,TRUE
"923",57660,170,14489,6868592,TRUE
"924",57990,230,21634,6869602,TRUE
"925",58030,7,23039,6879658,TRUE
"926",58070,51,36040,6882109,TRUE
"927",58090,25,34891,6883427,TRUE
"928",58100,60,32510,6887250,TRUE
"929",58110,330,35208,6886822,TRUE
"930",58320,315,57578,6870801,TRUE
"931",58350,635,52532,6877508,TRUE
"932",58390,70,58451,6884695,TRUE
"933",58480,40,67480,6867380,TRUE
"934",58533,60,68798,6887281,TRUE
"935",58705,1400,98716,6896589,TRUE
"936",58710,943,97979,6897992,TRUE
"937",58900,208,57532,6893621,TRUE
"938",58910,220,58784,6893041,TRUE
"939",62160,20,128370,6984961,TRUE
"940",62200,200,123573,6987364,TRUE
"941",62240,15,111037,6981957,TRUE
"942",62270,3,105311,6980846,TRUE
"943",60850,1,58566,6951608,TRUE
"944",60890,33,57465,6955553,TRUE
"945",60930,18,57056,6957557,TRUE
"946",60945,15,47780,6957418,TRUE
"947",60947,10,46945,6957533,TRUE
"948",64200,38,140655,7012888,TRUE
"949",64242,40,136827,7015529,TRUE
"950",64300,39,132627,7020442,TRUE
"951",64320,4,133940,7020360,TRUE
"952",64330,62,138026,7018044,TRUE
"953",59610,41,9612,6921392,TRUE
"954",59800,38,-2838,6948828,TRUE
"955",59586,130,30661,6945876,TRUE
"956",69661,43,35487,6917058,TRUE
"957",59680,74,36668,6926333,TRUE
"958",59681,7,32731,6927840,TRUE
"959",59695,690,47058,6922540,TRUE
"960",59860,20,33453,6936819,TRUE
"961",59900,21,56900,6926031,TRUE
"962",60810,625,82285,6957992,TRUE
"963",60400,28,97544,6925891,TRUE
"964",60500,11,106728,6922919,TRUE
"965",60610,985,103805,6909530,TRUE
"966",60620,312,112703,6933266,TRUE
"967",60640,2,98860,6931332,TRUE
"968",60650,34,96921,6930576,TRUE
"969",60190,1050,78180,6934957,TRUE
"970",60240,900,84027,6921226,TRUE
"971",60247,391,68020,6904906,TRUE
"972",60670,318,89685,6935993,TRUE
"973",60835,20,70241,6955813,TRUE
"974",60880,70,61373,6957093,TRUE
"975",60990,22,44276,6968207,TRUE
"976",61040,13,55277,6971207,TRUE
"977",61060,43,78251,6973747,TRUE
"978",61070,305,86475,6959343,TRUE
"979",61340,4,123889,6958435,TRUE
"980",61408,55,127510,6949544,TRUE
"981",61410,1294,127561,6945799,TRUE
"982",61420,67,131438,6944186,TRUE
"983",61580,450,143897,6925913,TRUE
"984",61820,14,147297,6966979,TRUE
"985",63000,37,151953,6981765,TRUE
"986",62480,13,70245,6998192,TRUE
"987",62700,80,106598,6999175,TRUE
"988",62900,49,113796,6996377,TRUE
"989",64460,12,157763,7001155,TRUE
"990",64510,23,154319,6994260,TRUE
"991",63100,47,163652,6967731,TRUE
"992",63420,10,170518,6965858,TRUE
"993",63530,698,190156,6945406,TRUE
"994",64700,405,182072,6969987,TRUE
"995",64760,5,180580,6999577,TRUE
"996",64870,410,201350,7004834,TRUE
"997",64590,295,219368,7008584,TRUE
"998",64900,228,207926,7002969,TRUE
"999",64940,295,216457,7009633,TRUE
"1000",65310,5,149612,7062644,TRUE
"1001",65370,30,154186,7051106,TRUE
"1002",67140,44,264731,7032141,TRUE
"1003",67150,13,263451,7030860,TRUE
"1004",67153,40,265645,7030218,TRUE
"1005",68050,13,272814,7043025,TRUE
"1006",68120,135,268030,7034415,TRUE
"1007",68125,156,268017,7041068,TRUE
"1008",68135,20,270274,7040759,TRUE
"1009",68175,120,272337,7039136,TRUE
"1010",68230,84,271467,7038181,TRUE
"1011",68238,140,268399,7032712,TRUE
"1012",68860,127,273107,7039405,TRUE
"1013",68863,127,273092,7039406,TRUE
"1014",69020,23,277200,7040692,TRUE
"1015",65230,45,199708,7028736,TRUE
"1016",65270,306,216283,7023744,TRUE
"1017",65451,13,207398,7056856,TRUE
"1018",65530,74,204827,7061049,TRUE
"1019",65940,5,179119,7096378,TRUE
"1020",71850,16,228361,7128241,TRUE
"1021",71530,10,233915,7075427,TRUE
"1022",71550,10,233846,7075320,TRUE
"1023",71320,23,250555,7060674,TRUE
"1024",71370,158,261596,7066186,TRUE
"1025",71380,616,262979,7071427,TRUE
"1026",71740,89,272706,7097485,TRUE
"1027",71750,94,275226,7095927,TRUE
"1028",71780,20,265879,7102038,TRUE
"1029",71805,265,282006,7115509,TRUE
"1030",71810,280,282249,7115838,TRUE
"1031",71900,12,273529,7132620,TRUE
"1032",71910,391,277449,7128913,TRUE
"1033",71990,18,281032,7149571,TRUE
"1034",63580,596,203037,6962288,TRUE
"1035",63583,647,198295,6964871,TRUE
"1036",63595,212,199021,6951498,TRUE
"1037",63705,604,226433,6952819,TRUE
"1038",63725,555,229206,6952187,TRUE
"1039",63750,512,225091,6949517,TRUE
"1040",63820,680,220664,6935732,TRUE
"1041",63850,690,220812,6957207,TRUE
"1042",63940,940,219330,6916753,TRUE
"1043",66560,660,230120,6977455,TRUE
"1044",66620,223,237392,6980980,TRUE
"1045",66630,220,237801,6982323,TRUE
"1046",66720,440,246438,6976820,TRUE
"1047",66740,425,243983,6967840,TRUE
"1048",67340,425,246807,6979934,TRUE
"1049",66230,240,239093,7011977,TRUE
"1050",65275,350,218090,7023339,TRUE
"1051",66070,84,235927,7029219,TRUE
"1052",66120,310,228039,7031580,TRUE
"1053",66150,4,242139,7031085,TRUE
"1054",66175,15,237036,7022034,TRUE
"1055",10300,650,333751,6930668,TRUE
"1056",10380,625,312616,6943793,TRUE
"1057",10600,685,318421,6954230,TRUE
"1058",10800,760,336969,6953897,TRUE
"1059",67890,700,312249,6962011,TRUE
"1060",67780,397,306926,6974825,TRUE
"1061",67270,160,258780,6992634,TRUE
"1062",67280,299,255575,6989575,TRUE
"1063",67290,498,258452,6986565,TRUE
"1064",67560,127,275093,6990716,TRUE
"1065",67202,420,272492,7005783,TRUE
"1066",67210,40,260955,7009858,TRUE
"1067",68270,173,270844,7019536,TRUE
"1068",67005,70,249703,7032096,TRUE
"1069",68290,160,299423,7016879,TRUE
"1070",69190,330,304268,7029223,TRUE
"1071",11000,865,337641,6975299,TRUE
"1072",68420,302,326497,6996420,TRUE
"1073",68840,730,340560,6977800,TRUE
"1074",70680,59,324874,7095517,TRUE
"1075",70820,50,340727,7114066,TRUE
"1076",70980,100,342592,7117642,TRUE
"1077",71000,6,326609,7104351,TRUE
"1078",72250,62,333020,7138518,TRUE
"1079",72580,2,335146,7153932,TRUE
"1080",75020,36,321562,7160504,TRUE
"1081",69380,169,336640,7035612,TRUE
"1082",69420,521,344783,7021146,TRUE
"1083",69520,465,351783,7026974,TRUE
"1084",69090,150,296003,7041188,TRUE
"1085",69100,12,297450,7043185,TRUE
"1086",69150,40,294886,7046589,TRUE
"1087",69280,90,325394,7042201,TRUE
"1088",69550,175,318458,7045023,TRUE
"1089",69655,70,286243,7055818,TRUE
"1090",71280,138,282872,7069446,TRUE
"1091",69625,30,305364,7060874,TRUE
"1092",69960,182,329313,7070421,TRUE
"1093",70150,81,336167,7076988,TRUE
"1094",70390,430,362106,7061687,TRUE
"1095",70510,377,370969,7075736,TRUE
"1096",72200,38,320401,7140136,TRUE
"1097",70850,195,376940,7117145,TRUE
"1098",70930,107,375892,7127260,TRUE
"1099",70960,215,371523,7136843,TRUE
"1100",73210,467,408736,7153095,TRUE
"1101",73250,370,440122,7124696,TRUE
"1102",73500,433,438304,7147315,TRUE
"1103",73800,376,435619,7173890,TRUE
"1104",74320,143,395964,7180035,TRUE
"1105",74350,140,397462,7181467,TRUE
"1106",74670,280,420147,7216515,TRUE
"1107",73550,95,374493,7158775,TRUE
"1108",78910,67,372655,7176958,TRUE
"1109",72650,26,348137,7154452,TRUE
"1110",72710,32,356932,7157240,TRUE
"1111",75220,4,316980,7195647,TRUE
"1112",75410,33,288670,7193341,TRUE
"1113",75100,44,355569,7193898,TRUE
"1114",75190,35,321401,7196911,TRUE
"1115",75550,23,312736,7236943,TRUE
"1116",71200,39,303043,7082330,TRUE
"1117",71230,225,289716,7080703,TRUE
"1118",81340,93,151227,7476824,TRUE
"1119",81360,380,495028,7442499,TRUE
"1120",81365,404,494992,7439746,TRUE
"1121",81370,11,498113,7445873,TRUE
"1122",82160,7,493757,7471052,TRUE
"1123",82210,30,482473,7463521,TRUE
"1124",82220,25,479194,7462486,TRUE
"1125",82260,33,476365,7463289,TRUE
"1126",82290,11,472350,7461310,TRUE
"1127",82300,13,474108,7459375,TRUE
"1128",82310,5,475125,7465687,TRUE
"1129",82410,24,452658,7476928,TRUE
"1130",82530,15,493187,7491421,TRUE
"1131",84093,483,625603,7595347,TRUE
"1132",84190,29,604198,7568202,TRUE
"1133",84210,740,615610,7566717,TRUE
"1134",84380,30,592281,7585908,TRUE
"1135",84500,200,609178,7593389,TRUE
"1136",84630,1000,601774,7591852,TRUE
"1137",84700,31,597940,7593787,TRUE
"1138",84905,499,627251,7594682,TRUE
"1139",84910,400,617369,7603134,TRUE
"1140",84920,170,599052,7603908,TRUE
"1141",76100,24,376795,7224892,TRUE
"1142",76250,19,367970,7244487,TRUE
"1143",76330,9,371097,7262202,TRUE
"1144",76380,55,390453,7243853,TRUE
"1145",76450,4,355744,7290302,TRUE
"1146",76470,8,379236,7282450,TRUE
"1147",76530,21,382648,7302916,TRUE
"1148",76750,17,385088,7317846,TRUE
"1149",78250,53,405391,7328933,TRUE
"1150",78350,39,427633,7345061,TRUE
"1151",77230,72,418447,7297013,TRUE
"1152",77240,135,418011,7296502,TRUE
"1153",78170,155,435789,7326544,TRUE
"1154",78360,126,436190,7335310,TRUE
"1155",77270,70,420298,7284104,TRUE
"1156",77280,50,421211,7278794,TRUE
"1157",77425,319,423465,7227968,TRUE
"1158",77850,498,465596,7248611,TRUE
"1159",78770,510,476545,7297323,TRUE
"1160",78800,406,463179,7300696,TRUE
"1161",78370,20,446226,7336272,TRUE
"1162",78610,439,450051,7301419,TRUE
"1163",79220,5,450716,7346513,TRUE
"1164",79480,41,462071,7354386,TRUE
"1165",79600,70,468751,7360691,TRUE
"1166",79700,110,479000,7364152,TRUE
"1167",79762,200,497340,7376570,TRUE
"1168",79764,251,497953,7375566,TRUE
"1169",79791,676,514363,7381789,TRUE
"1170",80102,10,393160,7363283,TRUE
"1171",80200,115,418990,7364523,TRUE
"1172",80340,15,370628,7378622,TRUE
"1173",80610,17,389341,7407169,TRUE
"1174",80615,1362,452656,7392012,TRUE
"1175",80705,520,453807,7412540,TRUE
"1176",80707,930,452226,7413270,TRUE
"1177",80730,10,441621,7418795,TRUE
"1178",80740,9,440732,7421267,TRUE
"1179",81420,600,495562,7431852,TRUE
"1180",81650,39,513792,7424370,TRUE
"1181",81770,511,520414,7402751,TRUE
"1182",81775,520,520391,7402862,TRUE
"1183",82000,7,521033,7449945,TRUE
"1184",81900,142,546446,7446807,TRUE
"1185",82020,90,517821,7456299,TRUE
"1186",82110,20,504388,7462185,TRUE
"1187",82130,10,507484,7468101,TRUE
"1188",82650,3,525309,7471689,TRUE
"1189",82840,27,521129,7490081,TRUE
"1190",82970,326,538635,7514865,TRUE
"1191",83280,20,507670,7532039,TRUE
"1192",83300,31,504710,7534284,TRUE
"1193",83520,70,536416,7531714,TRUE
"1194",83710,19,545214,7548523,TRUE
"1195",83880,3,569321,7550989,TRUE
"1196",83960,252,557680,7572115,TRUE
"1197",85040,8,538794,7584191,TRUE
"1198",87763,20,564374,7613689,TRUE
"1199",84970,26,568868,7598572,TRUE
"1200",84971,409,564457,7599637,TRUE
"1201",84070,53,573684,7580748,TRUE
"1202",88023,8,599709,7641857,TRUE
"1203",85890,4,376493,7492982,TRUE
"1204",85892,17,376300,7493416,TRUE
"1205",85840,4,403395,7505920,TRUE
"1206",85610,13,426873,7550313,TRUE
"1207",85640,20,423998,7546046,TRUE
"1208",85540,13,442240,7559179,TRUE
"1209",85560,26,442492,7560791,TRUE
"1210",86070,940,440898,7568210,TRUE
"1211",85380,11,485403,7560020,TRUE
"1212",85440,3,485229,7578641,TRUE
"1213",85450,9,486322,7570250,TRUE
"1214",85470,29,478250,7569548,TRUE
"1215",85480,20,468995,7572353,TRUE
"1216",86290,9,463409,7577155,TRUE
"1217",86300,20,465163,7578379,TRUE
"1218",86310,5,466110,7579549,TRUE
"1219",86600,3,501194,7607532,TRUE
"1220",86740,8,476931,7610615,TRUE
"1221",86950,18,508459,7644865,TRUE
"1222",86500,3,516849,7621336,TRUE
"1223",86520,14,511491,7615173,TRUE
"1224",87000,500,512605,7622984,TRUE
"1225",87105,17,544563,7689920,TRUE
"1226",87110,10,544607,7689040,TRUE
"1227",87120,436,539673,7681593,TRUE
"1228",85645,54,422726,7539860,TRUE
"1229",85660,17,419763,7535889,TRUE
"1230",90360,80,656242,7720403,TRUE
"1231",90400,20,651477,7731942,TRUE
"1232",90450,100,652673,7732165,TRUE
"1233",90451,100,652661,7732164,TRUE
"1234",90490,8,651598,7734677,TRUE
"1235",90491,790,646338,7740671,TRUE
"1236",90495,80,654129,7736797,TRUE
"1237",90510,3,655393,7732029,TRUE
"1238",90560,63,650044,7737048,TRUE
"1239",90720,26,640988,7769064,TRUE
"1240",90721,174,641362,7770137,TRUE
"1241",90980,17,679982,7745598,TRUE
"1242",91020,30,675020,7731822,TRUE
"1243",91060,25,683026,7728512,TRUE
"1244",91080,25,684047,7717211,TRUE
"1245",87640,45,562028,7633138,TRUE
"1246",87750,7,560835,7611504,TRUE
"1247",87315,30,530894,7611937,TRUE
"1248",87860,11,589737,7617651,TRUE
"1249",87970,280,607833,7614393,TRUE
"1250",88100,230,631633,7617778,TRUE
"1251",89500,114,634261,7642478,TRUE
"1252",89515,110,634943,7642470,TRUE
"1253",89650,314,655038,7621010,TRUE
"1254",89120,5,639760,7687257,TRUE
"1255",89130,25,632473,7684769,TRUE
"1256",89350,76,641289,7664878,TRUE
"1257",89360,410,637941,7662955,TRUE
"1258",89920,1655,680639,7633169,TRUE
"1259",89940,204,689747,7637284,TRUE
"1260",90050,77,645722,7682625,TRUE
"1261",89213,175,618088,7665244,TRUE
"1262",89233,170,631265,7668117,TRUE
"1263",88440,10,584816,7687719,TRUE
"1264",88460,3,577670,7689197,TRUE
"1265",88500,25,580674,7696157,TRUE
"1266",88600,90,594906,7705494,TRUE
"1267",88623,5,591989,7707701,TRUE
"1268",88626,5,597035,7712086,TRUE
"1269",88628,20,598122,7711997,TRUE
"1270",88200,9,614839,7683254,TRUE
"1271",88630,45,602620,7713402,TRUE
"1272",88640,10,604162,7717488,TRUE
"1273",88660,6,613878,7715197,TRUE
"1274",88690,14,610063,7723961,TRUE
"1275",89010,982,623439,7689819,TRUE
"1276",89980,230,684149,7671740,TRUE
"1277",89985,1020,680754,7672492,TRUE
"1278",90250,230,660822,7675823,TRUE
"1279",90305,69,666928,7708549,TRUE
"1280",90630,8,671427,7761345,TRUE
"1281",90650,7,674501,7773968,TRUE
"1282",90750,7,689258,7781585,TRUE
"1283",90760,57,694053,7785655,TRUE
"1284",90800,21,669605,7799490,TRUE
"1285",91120,670,700531,7725170,TRUE
"1286",91130,710,698351,7724942,TRUE
"1287",91150,60,697901,7728229,TRUE
"1288",91180,48,697108,7764337,TRUE
"1289",91245,53,702797,7726963,TRUE
"1290",91380,20,707316,7706524,TRUE
"1291",91430,502,720619,7689337,TRUE
"1292",91480,510,728020,7681417,TRUE
"1293",91500,700,711075,7727719,TRUE
"1294",91505,18,709936,7728873,TRUE
"1295",91510,60,716054,7722230,TRUE
"1296",91660,28,715260,7731400,TRUE
"1297",91695,5,726122,7769788,TRUE
"1298",91715,25,724813,7777127,TRUE
"1299",91725,25,727021,7780819,TRUE
"1300",91727,10,714143,7781764,TRUE
"1301",91728,30,711482,7782920,TRUE
"1302",91729,850,706325,7783439,TRUE
"1303",91730,310,726175,7757181,TRUE
"1304",91740,6,729306,7753505,TRUE
"1305",92170,45,746629,7766409,TRUE
"1306",91890,390,753014,7768195,TRUE
"1307",92350,6,764683,7762473,TRUE
"1308",92500,915,754639,7793624,TRUE
"1309",98550,14,1097311,7886881,TRUE
"1310",98560,39,1098504,7886742,TRUE
"1311",98580,12,1095888,7884615,TRUE
"1312",98590,164,1096175,7882372,TRUE
"1313",98630,25,1080279,7867805,TRUE
"1314",98790,39,1059645,7841739,TRUE
"1315",94245,55,820407,7863373,TRUE
"1316",94255,25,819442,7864441,TRUE
"1317",94270,170,820876,7865246,TRUE
"1318",94280,81,819435,7864666,TRUE
"1319",94281,328,819580,7867315,TRUE
"1320",94290,170,822011,7866426,TRUE
"1321",93301,381,831393,7742187,TRUE
"1322",93610,589,833368,7701909,TRUE
"1323",93680,362,820014,7679822,TRUE
"1324",93700,307,820557,7675028,TRUE
"1325",93900,382,844348,7651048,TRUE
"1326",92895,40,775924,7786764,TRUE
"1327",92900,21,776977,7787497,TRUE
"1328",92910,8,778300,7788399,TRUE
"1329",93090,210,815597,7785571,TRUE
"1330",93140,3,818519,7785240,TRUE
"1331",94230,18,791829,7830456,TRUE
"1332",92600,10,753175,7804500,TRUE
"1333",92860,560,777319,7801885,TRUE
"1334",92880,10,776746,7811002,TRUE
"1335",92750,6,765855,7835779,TRUE
"1336",93000,438,775217,7850457,TRUE
"1337",94130,38,822001,7833278,TRUE
"1338",94170,90,852432,7842620,TRUE
"1339",94195,339,837296,7810824,TRUE
"1340",94500,13,823762,7911914,TRUE
"1341",94650,40,849927,7905025,TRUE
"1342",94640,296,886557,7929483,TRUE
"1343",94670,379,894168,7911159,TRUE
"1344",94680,14,896770,7914645,TRUE
"1345",94710,15,897272,7912839,TRUE
"1346",94800,3,888430,7886188,TRUE
"1347",94805,10,888857,7886649,TRUE
"1348",94870,50,874424,7849618,TRUE
"1349",94990,515,873457,7809622,TRUE
"1350",95350,5,878753,7803701,TRUE
"1351",95610,13,894665,7835960,TRUE
"1352",97120,120,928340,7777939,TRUE
"1353",97251,131,909434,7741309,TRUE
"1354",97350,286,869599,7724125,TRUE
"1355",97700,643,907421,7722197,TRUE
"1356",97710,591,906480,7722262,TRUE
"1357",95900,6,925889,7880328,TRUE
"1358",96220,18,942501,7874598,TRUE
"1359",96250,338,957490,7894364,TRUE
"1360",96310,13,962335,7930279,TRUE
"1361",96400,8,974740,7939381,TRUE
"1362",96560,22,976541,7937020,TRUE
"1363",96600,15,977517,7906916,TRUE
"1364",98090,13,1009268,7922277,TRUE
"1365",98265,225,1020114,7885566,TRUE
"1366",96850,32,993805,7843185,TRUE
"1367",96931,18,991260,7826726,TRUE
"1368",96970,51,970373,7816149,TRUE
"1369",98360,152,1040203,7898903,TRUE
"1370",98400,9,1050719,7913415,TRUE
"1371",99340,85,1044033,7793802,TRUE
"1372",99370,89,1071182,7805409,TRUE
"1373",99380,212,1070539,7803460,TRUE
"1374",99420,60,1076266,7802273,TRUE
"1375",99430,180,1078172,7795075,TRUE
"1376",99460,27,1083970,7777413,TRUE
"1377",99500,55,1072877,7765034,TRUE
"1378",99540,56,1061500,7736401,TRUE
"1379",76900,2,-86617,7381055,TRUE
"1380",76925,55,151843,7156052,TRUE
"1381",76928,68,142710,7266257,TRUE
"1382",76930,33,186977,7340051,TRUE
"1383",76933,40,16373,7085459,TRUE
"1384",76958,114,115351,7245801,TRUE
"1385",77063,0,482663,7558955,TRUE
"1386",77064,0,464560,7493456,TRUE
"1387",76919,52,-222604,6329119,TRUE
"1388",76920,50,-222596,6329129,TRUE
"1389",76922,118,-202032,6862303,TRUE
"1390",76923,80,-181110,6852250,TRUE
"1391",76926,85,-262729,6544723,TRUE
"1392",76927,83,-166344,6768084,TRUE
"1393",76931,128,-114865,6776090,TRUE
"1394",76932,59,-218620,6673497,TRUE
"1395",76934,142,-204373,6857178,TRUE
"1396",76935,114,-182417,6880461,TRUE
"1397",76936,135,-177215,6888115,TRUE
"1398",76937,117,-116102,6803831,TRUE
"1399",76938,111,-227913,6428241,TRUE
"1400",76939,95,-216795,6297769,TRUE
"1401",76954,0,-92211,6850368,TRUE
